{
    "f1_mean": 0.6857761691884676,
    "accuracy_mean": 0.867470574781968,
    "roc_auc_mean": 0.9209642824119715
}